# USDA NASS Quick Stats, environmental: North Dakota nitrogen fertilizer application.
# DOMAIN_DESC = FERTILIZER, DOMAINCAT_DESC = FERTILIZER: (NITROGEN), state level.
# practice = PRODN_PRACTICE_DESC. ORGANIC is a SEPARATE record from ALL PRODUCTION
# PRACTICES and must not be mixed into a synthetic-ammonia model; dropping this
# column collapsed two distinct 2009 spring-wheat records into one.
# PER_APP = LB / ACRE / APPLICATION, AVG    APPS = NUMBER, AVG
# PER_YEAR = LB / ACRE / YEAR, AVG          PCT_AREA = PCT OF AREA PLANTED, AVG
# (D) = withheld by NASS to avoid disclosing individual operations.
# Retrieved 2026-09-19 from qs.environmental_20260919.txt.gz. 17 U.S.C. 105, no copyright.
crop	class	practice	year	measure	value
BARLEY	ALL CLASSES	ALL PRODUCTION PRACTICES	2003	APPS	1.7
BARLEY	ALL CLASSES	ALL PRODUCTION PRACTICES	2003	PCT_AREA	98
BARLEY	ALL CLASSES	ALL PRODUCTION PRACTICES	2003	PER_APP	33
BARLEY	ALL CLASSES	ALL PRODUCTION PRACTICES	2003	PER_YEAR	58
BARLEY	ALL CLASSES	ALL PRODUCTION PRACTICES	2011	APPS	1.8
BARLEY	ALL CLASSES	ALL PRODUCTION PRACTICES	2011	PCT_AREA	96
BARLEY	ALL CLASSES	ALL PRODUCTION PRACTICES	2011	PER_APP	41
BARLEY	ALL CLASSES	ALL PRODUCTION PRACTICES	2011	PER_YEAR	74
BARLEY	ALL CLASSES	ALL PRODUCTION PRACTICES	2019	APPS	1.7
BARLEY	ALL CLASSES	ALL PRODUCTION PRACTICES	2019	PCT_AREA	92
BARLEY	ALL CLASSES	ALL PRODUCTION PRACTICES	2019	PER_APP	45
BARLEY	ALL CLASSES	ALL PRODUCTION PRACTICES	2019	PER_YEAR	78
BARLEY	ALL CLASSES	ALL PRODUCTION PRACTICES	2023	APPS	1.7
BARLEY	ALL CLASSES	ALL PRODUCTION PRACTICES	2023	PCT_AREA	97
BARLEY	ALL CLASSES	ALL PRODUCTION PRACTICES	2023	PER_APP	56
BARLEY	ALL CLASSES	ALL PRODUCTION PRACTICES	2023	PER_YEAR	94
CORN	ALL CLASSES	ALL PRODUCTION PRACTICES	1990	APPS	1.32
CORN	ALL CLASSES	ALL PRODUCTION PRACTICES	1990	PCT_AREA	80
CORN	ALL CLASSES	ALL PRODUCTION PRACTICES	1990	PER_APP	52
CORN	ALL CLASSES	ALL PRODUCTION PRACTICES	1990	PER_YEAR	69
CORN	ALL CLASSES	ALL PRODUCTION PRACTICES	2000	APPS	1.6
CORN	ALL CLASSES	ALL PRODUCTION PRACTICES	2000	PCT_AREA	98
CORN	ALL CLASSES	ALL PRODUCTION PRACTICES	2000	PER_APP	61
CORN	ALL CLASSES	ALL PRODUCTION PRACTICES	2000	PER_YEAR	98
CORN	ALL CLASSES	ALL PRODUCTION PRACTICES	2001	APPS	1.6
CORN	ALL CLASSES	ALL PRODUCTION PRACTICES	2001	PCT_AREA	94
CORN	ALL CLASSES	ALL PRODUCTION PRACTICES	2001	PER_APP	65
CORN	ALL CLASSES	ALL PRODUCTION PRACTICES	2001	PER_YEAR	109
CORN	ALL CLASSES	ALL PRODUCTION PRACTICES	2003	APPS	1.6
CORN	ALL CLASSES	ALL PRODUCTION PRACTICES	2003	PCT_AREA	98
CORN	ALL CLASSES	ALL PRODUCTION PRACTICES	2003	PER_APP	66
CORN	ALL CLASSES	ALL PRODUCTION PRACTICES	2003	PER_YEAR	111
CORN	ALL CLASSES	ALL PRODUCTION PRACTICES	2005	APPS	1.9
CORN	ALL CLASSES	ALL PRODUCTION PRACTICES	2005	PCT_AREA	99
CORN	ALL CLASSES	ALL PRODUCTION PRACTICES	2005	PER_APP	65
CORN	ALL CLASSES	ALL PRODUCTION PRACTICES	2005	PER_YEAR	121
CORN	ALL CLASSES	ALL PRODUCTION PRACTICES	2010	APPS	2
CORN	ALL CLASSES	ALL PRODUCTION PRACTICES	2010	PCT_AREA	100
CORN	ALL CLASSES	ALL PRODUCTION PRACTICES	2010	PER_APP	78
CORN	ALL CLASSES	ALL PRODUCTION PRACTICES	2010	PER_YEAR	160
CORN	ALL CLASSES	ALL PRODUCTION PRACTICES	2014	APPS	2
CORN	ALL CLASSES	ALL PRODUCTION PRACTICES	2014	PCT_AREA	99
CORN	ALL CLASSES	ALL PRODUCTION PRACTICES	2014	PER_APP	64
CORN	ALL CLASSES	ALL PRODUCTION PRACTICES	2014	PER_YEAR	128
CORN	ALL CLASSES	ALL PRODUCTION PRACTICES	2016	APPS	1.6
CORN	ALL CLASSES	ALL PRODUCTION PRACTICES	2016	PCT_AREA	97
CORN	ALL CLASSES	ALL PRODUCTION PRACTICES	2016	PER_APP	83
CORN	ALL CLASSES	ALL PRODUCTION PRACTICES	2016	PER_YEAR	133
CORN	ALL CLASSES	ALL PRODUCTION PRACTICES	2018	APPS	1.9
CORN	ALL CLASSES	ALL PRODUCTION PRACTICES	2018	PCT_AREA	97
CORN	ALL CLASSES	ALL PRODUCTION PRACTICES	2018	PER_APP	79
CORN	ALL CLASSES	ALL PRODUCTION PRACTICES	2018	PER_YEAR	146
CORN	ALL CLASSES	ALL PRODUCTION PRACTICES	2021	APPS	2.2
CORN	ALL CLASSES	ALL PRODUCTION PRACTICES	2021	PCT_AREA	99
CORN	ALL CLASSES	ALL PRODUCTION PRACTICES	2021	PER_APP	53
CORN	ALL CLASSES	ALL PRODUCTION PRACTICES	2021	PER_YEAR	118
OATS	ALL CLASSES	ALL PRODUCTION PRACTICES	2005	APPS	1.3
OATS	ALL CLASSES	ALL PRODUCTION PRACTICES	2005	PCT_AREA	71
OATS	ALL CLASSES	ALL PRODUCTION PRACTICES	2005	PER_APP	34
OATS	ALL CLASSES	ALL PRODUCTION PRACTICES	2005	PER_YEAR	45
OATS	ALL CLASSES	ALL PRODUCTION PRACTICES	2015	APPS	1.4
OATS	ALL CLASSES	ALL PRODUCTION PRACTICES	2015	PCT_AREA	88
OATS	ALL CLASSES	ALL PRODUCTION PRACTICES	2015	PER_APP	37
OATS	ALL CLASSES	ALL PRODUCTION PRACTICES	2015	PER_YEAR	50
OATS	ALL CLASSES	ALL PRODUCTION PRACTICES	2023	APPS	1.4
OATS	ALL CLASSES	ALL PRODUCTION PRACTICES	2023	PCT_AREA	77
OATS	ALL CLASSES	ALL PRODUCTION PRACTICES	2023	PER_APP	39
OATS	ALL CLASSES	ALL PRODUCTION PRACTICES	2023	PER_YEAR	55
POTATOES	FALL	ALL PRODUCTION PRACTICES	1990	APPS	2.11
POTATOES	FALL	ALL PRODUCTION PRACTICES	1990	PCT_AREA	97
POTATOES	FALL	ALL PRODUCTION PRACTICES	1990	PER_APP	40
POTATOES	FALL	ALL PRODUCTION PRACTICES	1990	PER_YEAR	84
POTATOES	FALL	ALL PRODUCTION PRACTICES	1991	APPS	1.7
POTATOES	FALL	ALL PRODUCTION PRACTICES	1991	PCT_AREA	96
POTATOES	FALL	ALL PRODUCTION PRACTICES	1991	PER_APP	56
POTATOES	FALL	ALL PRODUCTION PRACTICES	1991	PER_YEAR	97
POTATOES	FALL	ALL PRODUCTION PRACTICES	1992	APPS	1.7
POTATOES	FALL	ALL PRODUCTION PRACTICES	1992	PCT_AREA	99
POTATOES	FALL	ALL PRODUCTION PRACTICES	1992	PER_APP	54
POTATOES	FALL	ALL PRODUCTION PRACTICES	1992	PER_YEAR	90
POTATOES	FALL	ALL PRODUCTION PRACTICES	1993	APPS	1.9
POTATOES	FALL	ALL PRODUCTION PRACTICES	1993	PCT_AREA	100
POTATOES	FALL	ALL PRODUCTION PRACTICES	1993	PER_APP	56
POTATOES	FALL	ALL PRODUCTION PRACTICES	1993	PER_YEAR	109
POTATOES	FALL	ALL PRODUCTION PRACTICES	1994	APPS	2.5
POTATOES	FALL	ALL PRODUCTION PRACTICES	1994	PCT_AREA	100
POTATOES	FALL	ALL PRODUCTION PRACTICES	1994	PER_APP	52
POTATOES	FALL	ALL PRODUCTION PRACTICES	1994	PER_YEAR	129
POTATOES	FALL	ALL PRODUCTION PRACTICES	1995	APPS	2.9
POTATOES	FALL	ALL PRODUCTION PRACTICES	1995	PCT_AREA	100
POTATOES	FALL	ALL PRODUCTION PRACTICES	1995	PER_APP	55
POTATOES	FALL	ALL PRODUCTION PRACTICES	1995	PER_YEAR	161
POTATOES	FALL	ALL PRODUCTION PRACTICES	1997	APPS	3.3
POTATOES	FALL	ALL PRODUCTION PRACTICES	1997	PCT_AREA	100
POTATOES	FALL	ALL PRODUCTION PRACTICES	1997	PER_APP	40
POTATOES	FALL	ALL PRODUCTION PRACTICES	1997	PER_YEAR	134
POTATOES	FALL	ALL PRODUCTION PRACTICES	1999	APPS	3.4
POTATOES	FALL	ALL PRODUCTION PRACTICES	1999	PCT_AREA	99
POTATOES	FALL	ALL PRODUCTION PRACTICES	1999	PER_APP	37
POTATOES	FALL	ALL PRODUCTION PRACTICES	1999	PER_YEAR	129
POTATOES	FALL	ALL PRODUCTION PRACTICES	2003	APPS	3.6
POTATOES	FALL	ALL PRODUCTION PRACTICES	2003	PCT_AREA	97
POTATOES	FALL	ALL PRODUCTION PRACTICES	2003	PER_APP	40
POTATOES	FALL	ALL PRODUCTION PRACTICES	2003	PER_YEAR	144
POTATOES	FALL	ALL PRODUCTION PRACTICES	2005	APPS	4.6
POTATOES	FALL	ALL PRODUCTION PRACTICES	2005	PCT_AREA	100
POTATOES	FALL	ALL PRODUCTION PRACTICES	2005	PER_APP	35
POTATOES	FALL	ALL PRODUCTION PRACTICES	2005	PER_YEAR	159
POTATOES	FALL	ALL PRODUCTION PRACTICES	2010	APPS	5.5
POTATOES	FALL	ALL PRODUCTION PRACTICES	2010	PCT_AREA	100
POTATOES	FALL	ALL PRODUCTION PRACTICES	2010	PER_APP	32
POTATOES	FALL	ALL PRODUCTION PRACTICES	2010	PER_YEAR	180
POTATOES	FALL	ALL PRODUCTION PRACTICES	2014	APPS	3.5
POTATOES	FALL	ALL PRODUCTION PRACTICES	2014	PCT_AREA	100
POTATOES	FALL	ALL PRODUCTION PRACTICES	2014	PER_APP	44
POTATOES	FALL	ALL PRODUCTION PRACTICES	2014	PER_YEAR	156
POTATOES	FALL	ALL PRODUCTION PRACTICES	2016	APPS	8.3
POTATOES	FALL	ALL PRODUCTION PRACTICES	2016	PCT_AREA	100
POTATOES	FALL	ALL PRODUCTION PRACTICES	2016	PER_APP	24
POTATOES	FALL	ALL PRODUCTION PRACTICES	2016	PER_YEAR	200
POTATOES	FALL	ALL PRODUCTION PRACTICES	2022	APPS	3.6
POTATOES	FALL	ALL PRODUCTION PRACTICES	2022	PCT_AREA	99
POTATOES	FALL	ALL PRODUCTION PRACTICES	2022	PER_APP	33
POTATOES	FALL	ALL PRODUCTION PRACTICES	2022	PER_YEAR	118
POTATOES	FALL	ALL PRODUCTION PRACTICES	2025	APPS	5.4
POTATOES	FALL	ALL PRODUCTION PRACTICES	2025	PCT_AREA	100
POTATOES	FALL	ALL PRODUCTION PRACTICES	2025	PER_APP	30
POTATOES	FALL	ALL PRODUCTION PRACTICES	2025	PER_YEAR	165
SOYBEANS	ALL CLASSES	ALL PRODUCTION PRACTICES	1990	APPS	1.1
SOYBEANS	ALL CLASSES	ALL PRODUCTION PRACTICES	1990	PCT_AREA	30
SOYBEANS	ALL CLASSES	ALL PRODUCTION PRACTICES	1990	PER_APP	21
SOYBEANS	ALL CLASSES	ALL PRODUCTION PRACTICES	1990	PER_YEAR	23
SOYBEANS	ALL CLASSES	ALL PRODUCTION PRACTICES	2000	APPS	1.2
SOYBEANS	ALL CLASSES	ALL PRODUCTION PRACTICES	2000	PCT_AREA	46
SOYBEANS	ALL CLASSES	ALL PRODUCTION PRACTICES	2000	PER_APP	25
SOYBEANS	ALL CLASSES	ALL PRODUCTION PRACTICES	2000	PER_YEAR	32
SOYBEANS	ALL CLASSES	ALL PRODUCTION PRACTICES	2002	APPS	1.3
SOYBEANS	ALL CLASSES	ALL PRODUCTION PRACTICES	2002	PCT_AREA	64
SOYBEANS	ALL CLASSES	ALL PRODUCTION PRACTICES	2002	PER_APP	19
SOYBEANS	ALL CLASSES	ALL PRODUCTION PRACTICES	2002	PER_YEAR	26
SOYBEANS	ALL CLASSES	ALL PRODUCTION PRACTICES	2004	APPS	1.4
SOYBEANS	ALL CLASSES	ALL PRODUCTION PRACTICES	2004	PCT_AREA	64
SOYBEANS	ALL CLASSES	ALL PRODUCTION PRACTICES	2004	PER_APP	19
SOYBEANS	ALL CLASSES	ALL PRODUCTION PRACTICES	2004	PER_YEAR	25
SOYBEANS	ALL CLASSES	ALL PRODUCTION PRACTICES	2006	APPS	1.1
SOYBEANS	ALL CLASSES	ALL PRODUCTION PRACTICES	2006	PCT_AREA	43
SOYBEANS	ALL CLASSES	ALL PRODUCTION PRACTICES	2006	PER_APP	12
SOYBEANS	ALL CLASSES	ALL PRODUCTION PRACTICES	2006	PER_YEAR	13
SOYBEANS	ALL CLASSES	ALL PRODUCTION PRACTICES	2012	APPS	1
SOYBEANS	ALL CLASSES	ALL PRODUCTION PRACTICES	2012	PCT_AREA	51
SOYBEANS	ALL CLASSES	ALL PRODUCTION PRACTICES	2012	PER_APP	11
SOYBEANS	ALL CLASSES	ALL PRODUCTION PRACTICES	2012	PER_YEAR	11
SOYBEANS	ALL CLASSES	ALL PRODUCTION PRACTICES	2015	APPS	1.1
SOYBEANS	ALL CLASSES	ALL PRODUCTION PRACTICES	2015	PCT_AREA	48
SOYBEANS	ALL CLASSES	ALL PRODUCTION PRACTICES	2015	PER_APP	9
SOYBEANS	ALL CLASSES	ALL PRODUCTION PRACTICES	2015	PER_YEAR	10
SOYBEANS	ALL CLASSES	ALL PRODUCTION PRACTICES	2017	APPS	1.1
SOYBEANS	ALL CLASSES	ALL PRODUCTION PRACTICES	2017	PCT_AREA	45
SOYBEANS	ALL CLASSES	ALL PRODUCTION PRACTICES	2017	PER_APP	14
SOYBEANS	ALL CLASSES	ALL PRODUCTION PRACTICES	2017	PER_YEAR	15
SOYBEANS	ALL CLASSES	ALL PRODUCTION PRACTICES	2018	APPS	1
SOYBEANS	ALL CLASSES	ALL PRODUCTION PRACTICES	2018	PCT_AREA	55
SOYBEANS	ALL CLASSES	ALL PRODUCTION PRACTICES	2018	PER_APP	10
SOYBEANS	ALL CLASSES	ALL PRODUCTION PRACTICES	2018	PER_YEAR	10
SOYBEANS	ALL CLASSES	ALL PRODUCTION PRACTICES	2020	APPS	1.1
SOYBEANS	ALL CLASSES	ALL PRODUCTION PRACTICES	2020	PCT_AREA	41
SOYBEANS	ALL CLASSES	ALL PRODUCTION PRACTICES	2020	PER_APP	7
SOYBEANS	ALL CLASSES	ALL PRODUCTION PRACTICES	2020	PER_YEAR	8
SOYBEANS	ALL CLASSES	ALL PRODUCTION PRACTICES	2023	APPS	1.2
SOYBEANS	ALL CLASSES	ALL PRODUCTION PRACTICES	2023	PCT_AREA	40
SOYBEANS	ALL CLASSES	ALL PRODUCTION PRACTICES	2023	PER_APP	7
SOYBEANS	ALL CLASSES	ALL PRODUCTION PRACTICES	2023	PER_YEAR	8
SUGARBEETS	ALL CLASSES	ALL PRODUCTION PRACTICES	2000	APPS	1.2
SUGARBEETS	ALL CLASSES	ALL PRODUCTION PRACTICES	2000	PCT_AREA	94
SUGARBEETS	ALL CLASSES	ALL PRODUCTION PRACTICES	2000	PER_APP	60
SUGARBEETS	ALL CLASSES	ALL PRODUCTION PRACTICES	2000	PER_YEAR	72
SUNFLOWER	ALL CLASSES	ALL PRODUCTION PRACTICES	1999	APPS	1.3
SUNFLOWER	ALL CLASSES	ALL PRODUCTION PRACTICES	1999	PCT_AREA	96
SUNFLOWER	ALL CLASSES	ALL PRODUCTION PRACTICES	1999	PER_APP	54
SUNFLOWER	ALL CLASSES	ALL PRODUCTION PRACTICES	1999	PER_YEAR	71
WHEAT	SPRING, (EXCL DURUM)	ALL PRODUCTION PRACTICES	1990	APPS	1.43
WHEAT	SPRING, (EXCL DURUM)	ALL PRODUCTION PRACTICES	1990	PCT_AREA	68
WHEAT	SPRING, (EXCL DURUM)	ALL PRODUCTION PRACTICES	1990	PER_APP	31
WHEAT	SPRING, (EXCL DURUM)	ALL PRODUCTION PRACTICES	1990	PER_YEAR	44
WHEAT	SPRING, (EXCL DURUM)	ALL PRODUCTION PRACTICES	1991	APPS	1.4
WHEAT	SPRING, (EXCL DURUM)	ALL PRODUCTION PRACTICES	1991	PCT_AREA	75
WHEAT	SPRING, (EXCL DURUM)	ALL PRODUCTION PRACTICES	1991	PER_APP	36
WHEAT	SPRING, (EXCL DURUM)	ALL PRODUCTION PRACTICES	1991	PER_YEAR	51
WHEAT	SPRING, (EXCL DURUM)	ALL PRODUCTION PRACTICES	1992	APPS	1.6
WHEAT	SPRING, (EXCL DURUM)	ALL PRODUCTION PRACTICES	1992	PCT_AREA	85
WHEAT	SPRING, (EXCL DURUM)	ALL PRODUCTION PRACTICES	1992	PER_APP	36
WHEAT	SPRING, (EXCL DURUM)	ALL PRODUCTION PRACTICES	1992	PER_YEAR	56
WHEAT	SPRING, (EXCL DURUM)	ALL PRODUCTION PRACTICES	1993	APPS	1.6
WHEAT	SPRING, (EXCL DURUM)	ALL PRODUCTION PRACTICES	1993	PCT_AREA	92
WHEAT	SPRING, (EXCL DURUM)	ALL PRODUCTION PRACTICES	1993	PER_APP	40
WHEAT	SPRING, (EXCL DURUM)	ALL PRODUCTION PRACTICES	1993	PER_YEAR	66
WHEAT	SPRING, (EXCL DURUM)	ALL PRODUCTION PRACTICES	1994	APPS	1.7
WHEAT	SPRING, (EXCL DURUM)	ALL PRODUCTION PRACTICES	1994	PCT_AREA	91
WHEAT	SPRING, (EXCL DURUM)	ALL PRODUCTION PRACTICES	1994	PER_APP	45
WHEAT	SPRING, (EXCL DURUM)	ALL PRODUCTION PRACTICES	1994	PER_YEAR	76
WHEAT	SPRING, (EXCL DURUM)	ALL PRODUCTION PRACTICES	1995	APPS	1.6
WHEAT	SPRING, (EXCL DURUM)	ALL PRODUCTION PRACTICES	1995	PCT_AREA	88
WHEAT	SPRING, (EXCL DURUM)	ALL PRODUCTION PRACTICES	1995	PER_APP	40
WHEAT	SPRING, (EXCL DURUM)	ALL PRODUCTION PRACTICES	1995	PER_YEAR	62
WHEAT	SPRING, (EXCL DURUM)	ALL PRODUCTION PRACTICES	1996	APPS	1.6
WHEAT	SPRING, (EXCL DURUM)	ALL PRODUCTION PRACTICES	1996	PCT_AREA	90
WHEAT	SPRING, (EXCL DURUM)	ALL PRODUCTION PRACTICES	1996	PER_APP	42
WHEAT	SPRING, (EXCL DURUM)	ALL PRODUCTION PRACTICES	1996	PER_YEAR	68
WHEAT	SPRING, (EXCL DURUM)	ALL PRODUCTION PRACTICES	1997	APPS	1.8
WHEAT	SPRING, (EXCL DURUM)	ALL PRODUCTION PRACTICES	1997	PCT_AREA	99
WHEAT	SPRING, (EXCL DURUM)	ALL PRODUCTION PRACTICES	1997	PER_APP	40
WHEAT	SPRING, (EXCL DURUM)	ALL PRODUCTION PRACTICES	1997	PER_YEAR	72
WHEAT	SPRING, (EXCL DURUM)	ALL PRODUCTION PRACTICES	1998	APPS	1.7
WHEAT	SPRING, (EXCL DURUM)	ALL PRODUCTION PRACTICES	1998	PCT_AREA	97
WHEAT	SPRING, (EXCL DURUM)	ALL PRODUCTION PRACTICES	1998	PER_APP	43
WHEAT	SPRING, (EXCL DURUM)	ALL PRODUCTION PRACTICES	1998	PER_YEAR	72
WHEAT	SPRING, (EXCL DURUM)	ALL PRODUCTION PRACTICES	2000	APPS	1.6
WHEAT	SPRING, (EXCL DURUM)	ALL PRODUCTION PRACTICES	2000	PCT_AREA	97
WHEAT	SPRING, (EXCL DURUM)	ALL PRODUCTION PRACTICES	2000	PER_APP	46
WHEAT	SPRING, (EXCL DURUM)	ALL PRODUCTION PRACTICES	2000	PER_YEAR	76
WHEAT	SPRING, (EXCL DURUM)	ALL PRODUCTION PRACTICES	2002	APPS	1.6
WHEAT	SPRING, (EXCL DURUM)	ALL PRODUCTION PRACTICES	2002	PCT_AREA	97
WHEAT	SPRING, (EXCL DURUM)	ALL PRODUCTION PRACTICES	2002	PER_APP	46
WHEAT	SPRING, (EXCL DURUM)	ALL PRODUCTION PRACTICES	2002	PER_YEAR	75
WHEAT	SPRING, (EXCL DURUM)	ALL PRODUCTION PRACTICES	2004	APPS	2.5
WHEAT	SPRING, (EXCL DURUM)	ALL PRODUCTION PRACTICES	2004	PCT_AREA	98
WHEAT	SPRING, (EXCL DURUM)	ALL PRODUCTION PRACTICES	2004	PER_APP	46
WHEAT	SPRING, (EXCL DURUM)	ALL PRODUCTION PRACTICES	2004	PER_YEAR	114
WHEAT	SPRING, (EXCL DURUM)	ALL PRODUCTION PRACTICES	2006	APPS	1.7
WHEAT	SPRING, (EXCL DURUM)	ALL PRODUCTION PRACTICES	2006	PCT_AREA	99
WHEAT	SPRING, (EXCL DURUM)	ALL PRODUCTION PRACTICES	2006	PER_APP	42
WHEAT	SPRING, (EXCL DURUM)	ALL PRODUCTION PRACTICES	2006	PER_YEAR	70
WHEAT	SPRING, (EXCL DURUM)	ALL PRODUCTION PRACTICES	2009	APPS	1.8
WHEAT	SPRING, (EXCL DURUM)	ALL PRODUCTION PRACTICES	2009	PCT_AREA	96
WHEAT	SPRING, (EXCL DURUM)	ALL PRODUCTION PRACTICES	2009	PER_APP	42
WHEAT	SPRING, (EXCL DURUM)	ALL PRODUCTION PRACTICES	2009	PER_YEAR	75
WHEAT	SPRING, (EXCL DURUM)	ALL PRODUCTION PRACTICES	2012	APPS	1.7
WHEAT	SPRING, (EXCL DURUM)	ALL PRODUCTION PRACTICES	2012	PCT_AREA	98
WHEAT	SPRING, (EXCL DURUM)	ALL PRODUCTION PRACTICES	2012	PER_APP	53
WHEAT	SPRING, (EXCL DURUM)	ALL PRODUCTION PRACTICES	2012	PER_YEAR	91
WHEAT	SPRING, (EXCL DURUM)	ALL PRODUCTION PRACTICES	2015	APPS	1.7
WHEAT	SPRING, (EXCL DURUM)	ALL PRODUCTION PRACTICES	2015	PCT_AREA	99
WHEAT	SPRING, (EXCL DURUM)	ALL PRODUCTION PRACTICES	2015	PER_APP	57
WHEAT	SPRING, (EXCL DURUM)	ALL PRODUCTION PRACTICES	2015	PER_YEAR	96
WHEAT	SPRING, (EXCL DURUM)	ALL PRODUCTION PRACTICES	2017	APPS	1.6
WHEAT	SPRING, (EXCL DURUM)	ALL PRODUCTION PRACTICES	2017	PCT_AREA	99
WHEAT	SPRING, (EXCL DURUM)	ALL PRODUCTION PRACTICES	2017	PER_APP	65
WHEAT	SPRING, (EXCL DURUM)	ALL PRODUCTION PRACTICES	2017	PER_YEAR	107
WHEAT	SPRING, (EXCL DURUM)	ALL PRODUCTION PRACTICES	2019	APPS	1.7
WHEAT	SPRING, (EXCL DURUM)	ALL PRODUCTION PRACTICES	2019	PCT_AREA	96
WHEAT	SPRING, (EXCL DURUM)	ALL PRODUCTION PRACTICES	2019	PER_APP	68
WHEAT	SPRING, (EXCL DURUM)	ALL PRODUCTION PRACTICES	2019	PER_YEAR	116
WHEAT	SPRING, (EXCL DURUM)	ALL PRODUCTION PRACTICES	2022	APPS	1.8
WHEAT	SPRING, (EXCL DURUM)	ALL PRODUCTION PRACTICES	2022	PCT_AREA	100
WHEAT	SPRING, (EXCL DURUM)	ALL PRODUCTION PRACTICES	2022	PER_APP	49
WHEAT	SPRING, (EXCL DURUM)	ALL PRODUCTION PRACTICES	2022	PER_YEAR	90
WHEAT	SPRING, (EXCL DURUM)	ALL PRODUCTION PRACTICES	2024	APPS	1.8
WHEAT	SPRING, (EXCL DURUM)	ALL PRODUCTION PRACTICES	2024	PCT_AREA	98
WHEAT	SPRING, (EXCL DURUM)	ALL PRODUCTION PRACTICES	2024	PER_APP	59
WHEAT	SPRING, (EXCL DURUM)	ALL PRODUCTION PRACTICES	2024	PER_YEAR	106
WHEAT	SPRING, (EXCL DURUM)	ORGANIC	2009	APPS	(D)
WHEAT	SPRING, (EXCL DURUM)	ORGANIC	2009	PCT_AREA	(D)
WHEAT	SPRING, (EXCL DURUM)	ORGANIC	2009	PER_APP	(D)
WHEAT	SPRING, (EXCL DURUM)	ORGANIC	2009	PER_YEAR	(D)
WHEAT	SPRING, DURUM	ALL PRODUCTION PRACTICES	1990	APPS	1.43
WHEAT	SPRING, DURUM	ALL PRODUCTION PRACTICES	1990	PCT_AREA	58
WHEAT	SPRING, DURUM	ALL PRODUCTION PRACTICES	1990	PER_APP	24
WHEAT	SPRING, DURUM	ALL PRODUCTION PRACTICES	1990	PER_YEAR	35
WHEAT	SPRING, DURUM	ALL PRODUCTION PRACTICES	1991	APPS	1.5
WHEAT	SPRING, DURUM	ALL PRODUCTION PRACTICES	1991	PCT_AREA	72
WHEAT	SPRING, DURUM	ALL PRODUCTION PRACTICES	1991	PER_APP	30
WHEAT	SPRING, DURUM	ALL PRODUCTION PRACTICES	1991	PER_YEAR	47
WHEAT	SPRING, DURUM	ALL PRODUCTION PRACTICES	1992	APPS	1.5
WHEAT	SPRING, DURUM	ALL PRODUCTION PRACTICES	1992	PCT_AREA	73
WHEAT	SPRING, DURUM	ALL PRODUCTION PRACTICES	1992	PER_APP	33
WHEAT	SPRING, DURUM	ALL PRODUCTION PRACTICES	1992	PER_YEAR	51
WHEAT	SPRING, DURUM	ALL PRODUCTION PRACTICES	1993	APPS	1.7
WHEAT	SPRING, DURUM	ALL PRODUCTION PRACTICES	1993	PCT_AREA	78
WHEAT	SPRING, DURUM	ALL PRODUCTION PRACTICES	1993	PER_APP	37
WHEAT	SPRING, DURUM	ALL PRODUCTION PRACTICES	1993	PER_YEAR	63
WHEAT	SPRING, DURUM	ALL PRODUCTION PRACTICES	1994	APPS	1.7
WHEAT	SPRING, DURUM	ALL PRODUCTION PRACTICES	1994	PCT_AREA	85
WHEAT	SPRING, DURUM	ALL PRODUCTION PRACTICES	1994	PER_APP	40
WHEAT	SPRING, DURUM	ALL PRODUCTION PRACTICES	1994	PER_YEAR	70
WHEAT	SPRING, DURUM	ALL PRODUCTION PRACTICES	1995	APPS	1.6
WHEAT	SPRING, DURUM	ALL PRODUCTION PRACTICES	1995	PCT_AREA	92
WHEAT	SPRING, DURUM	ALL PRODUCTION PRACTICES	1995	PER_APP	40
WHEAT	SPRING, DURUM	ALL PRODUCTION PRACTICES	1995	PER_YEAR	65
WHEAT	SPRING, DURUM	ALL PRODUCTION PRACTICES	1996	APPS	1.6
WHEAT	SPRING, DURUM	ALL PRODUCTION PRACTICES	1996	PCT_AREA	93
WHEAT	SPRING, DURUM	ALL PRODUCTION PRACTICES	1996	PER_APP	38
WHEAT	SPRING, DURUM	ALL PRODUCTION PRACTICES	1996	PER_YEAR	60
WHEAT	SPRING, DURUM	ALL PRODUCTION PRACTICES	1997	APPS	1.7
WHEAT	SPRING, DURUM	ALL PRODUCTION PRACTICES	1997	PCT_AREA	95
WHEAT	SPRING, DURUM	ALL PRODUCTION PRACTICES	1997	PER_APP	38
WHEAT	SPRING, DURUM	ALL PRODUCTION PRACTICES	1997	PER_YEAR	66
WHEAT	SPRING, DURUM	ALL PRODUCTION PRACTICES	1998	APPS	1.7
WHEAT	SPRING, DURUM	ALL PRODUCTION PRACTICES	1998	PCT_AREA	98
WHEAT	SPRING, DURUM	ALL PRODUCTION PRACTICES	1998	PER_APP	35
WHEAT	SPRING, DURUM	ALL PRODUCTION PRACTICES	1998	PER_YEAR	60
WHEAT	SPRING, DURUM	ALL PRODUCTION PRACTICES	2000	APPS	1.7
WHEAT	SPRING, DURUM	ALL PRODUCTION PRACTICES	2000	PCT_AREA	86
WHEAT	SPRING, DURUM	ALL PRODUCTION PRACTICES	2000	PER_APP	36
WHEAT	SPRING, DURUM	ALL PRODUCTION PRACTICES	2000	PER_YEAR	62
WHEAT	SPRING, DURUM	ALL PRODUCTION PRACTICES	2002	APPS	1.6
WHEAT	SPRING, DURUM	ALL PRODUCTION PRACTICES	2002	PCT_AREA	88
WHEAT	SPRING, DURUM	ALL PRODUCTION PRACTICES	2002	PER_APP	40
WHEAT	SPRING, DURUM	ALL PRODUCTION PRACTICES	2002	PER_YEAR	62
WHEAT	SPRING, DURUM	ALL PRODUCTION PRACTICES	2004	APPS	1.9
WHEAT	SPRING, DURUM	ALL PRODUCTION PRACTICES	2004	PCT_AREA	95
WHEAT	SPRING, DURUM	ALL PRODUCTION PRACTICES	2004	PER_APP	37
WHEAT	SPRING, DURUM	ALL PRODUCTION PRACTICES	2004	PER_YEAR	69
WHEAT	SPRING, DURUM	ALL PRODUCTION PRACTICES	2006	APPS	1.7
WHEAT	SPRING, DURUM	ALL PRODUCTION PRACTICES	2006	PCT_AREA	92
WHEAT	SPRING, DURUM	ALL PRODUCTION PRACTICES	2006	PER_APP	39
WHEAT	SPRING, DURUM	ALL PRODUCTION PRACTICES	2006	PER_YEAR	64
WHEAT	SPRING, DURUM	ALL PRODUCTION PRACTICES	2009	APPS	1.7
WHEAT	SPRING, DURUM	ALL PRODUCTION PRACTICES	2009	PCT_AREA	99
WHEAT	SPRING, DURUM	ALL PRODUCTION PRACTICES	2009	PER_APP	36
WHEAT	SPRING, DURUM	ALL PRODUCTION PRACTICES	2009	PER_YEAR	62
WHEAT	SPRING, DURUM	ALL PRODUCTION PRACTICES	2012	APPS	1.8
WHEAT	SPRING, DURUM	ALL PRODUCTION PRACTICES	2012	PCT_AREA	99
WHEAT	SPRING, DURUM	ALL PRODUCTION PRACTICES	2012	PER_APP	40
WHEAT	SPRING, DURUM	ALL PRODUCTION PRACTICES	2012	PER_YEAR	72
WHEAT	SPRING, DURUM	ALL PRODUCTION PRACTICES	2015	APPS	1.7
WHEAT	SPRING, DURUM	ALL PRODUCTION PRACTICES	2015	PCT_AREA	99
WHEAT	SPRING, DURUM	ALL PRODUCTION PRACTICES	2015	PER_APP	49
WHEAT	SPRING, DURUM	ALL PRODUCTION PRACTICES	2015	PER_YEAR	83
WHEAT	SPRING, DURUM	ALL PRODUCTION PRACTICES	2017	APPS	1.9
WHEAT	SPRING, DURUM	ALL PRODUCTION PRACTICES	2017	PCT_AREA	100
WHEAT	SPRING, DURUM	ALL PRODUCTION PRACTICES	2017	PER_APP	46
WHEAT	SPRING, DURUM	ALL PRODUCTION PRACTICES	2017	PER_YEAR	86
WHEAT	SPRING, DURUM	ALL PRODUCTION PRACTICES	2019	APPS	1.7
WHEAT	SPRING, DURUM	ALL PRODUCTION PRACTICES	2019	PCT_AREA	100
WHEAT	SPRING, DURUM	ALL PRODUCTION PRACTICES	2019	PER_APP	51
WHEAT	SPRING, DURUM	ALL PRODUCTION PRACTICES	2019	PER_YEAR	89
WHEAT	SPRING, DURUM	ALL PRODUCTION PRACTICES	2022	APPS	1.8
WHEAT	SPRING, DURUM	ALL PRODUCTION PRACTICES	2022	PCT_AREA	100
WHEAT	SPRING, DURUM	ALL PRODUCTION PRACTICES	2022	PER_APP	45
WHEAT	SPRING, DURUM	ALL PRODUCTION PRACTICES	2022	PER_YEAR	81
WHEAT	SPRING, DURUM	ALL PRODUCTION PRACTICES	2024	APPS	2
WHEAT	SPRING, DURUM	ALL PRODUCTION PRACTICES	2024	PCT_AREA	100
WHEAT	SPRING, DURUM	ALL PRODUCTION PRACTICES	2024	PER_APP	49
WHEAT	SPRING, DURUM	ALL PRODUCTION PRACTICES	2024	PER_YEAR	95
WHEAT	WINTER	ALL PRODUCTION PRACTICES	2009	APPS	2
WHEAT	WINTER	ALL PRODUCTION PRACTICES	2009	PCT_AREA	100
WHEAT	WINTER	ALL PRODUCTION PRACTICES	2009	PER_APP	47
WHEAT	WINTER	ALL PRODUCTION PRACTICES	2009	PER_YEAR	94
WHEAT	WINTER	ALL PRODUCTION PRACTICES	2017	APPS	2
WHEAT	WINTER	ALL PRODUCTION PRACTICES	2017	PCT_AREA	87
WHEAT	WINTER	ALL PRODUCTION PRACTICES	2017	PER_APP	40
WHEAT	WINTER	ALL PRODUCTION PRACTICES	2017	PER_YEAR	82
WHEAT	WINTER	ALL PRODUCTION PRACTICES	2019	APPS	1.6
WHEAT	WINTER	ALL PRODUCTION PRACTICES	2019	PCT_AREA	94
WHEAT	WINTER	ALL PRODUCTION PRACTICES	2019	PER_APP	50
WHEAT	WINTER	ALL PRODUCTION PRACTICES	2019	PER_YEAR	80
